INSERT INTO
    question (question_id, question_label, question_text, created_at, last_updated_at, starts_at, ends_at, details)
VALUES
    ("5765c4dc-b226-431a-94a3-c02057b67471", 'Do you know that?',        'What ... ?', '2018-01-02 10:50:00', '2018-01-03 19:50:00', '2018-01-03 19:50:00', '2018-01-10 20:50:00', ''),
    ("60586180-2ec4-415f-96f7-1b3415ba9f3c", 'Do you know that?',        'What ... ?', '2018-01-02 10:50:00', '2018-01-03 19:50:00', '2018-01-03 19:50:00', '2018-01-10 20:50:00', ''),
    ("998d6fa8-70e9-486b-b23e-185e1a26fbba", 'Do you know that?',        'What ... ?', '2018-01-02 10:50:00', '2018-01-03 19:50:00', '2018-01-03 19:50:00', '2018-01-10 20:50:00', ''),
    ("71892316-8fb2-4fd2-a7a3-06e4bbf5b9d8", 'I will tell you what ...', 'What ... ?', '2018-01-02 12:00:00', '2018-01-05 22:50:00', '2018-01-03 19:50:00', '2018-01-10 20:50:00', ''),
    ("b839225b-d87b-45a2-a6f9-426de0cb8cf7", 'Do you know that?',        'What ... ?', '2018-01-02 10:50:00', '2018-01-03 19:50:00', '2018-01-03 19:50:00', '2018-01-10 20:50:00', '');

INSERT INTO
    question_option (option_id, question_id, option_text, created_at, last_updated_at, position_number)
VALUES
    ("18a4851a-c3c1-4018-97eb-95fbbfaa474e", '5765c4dc-b226-431a-94a3-c02057b67471', 'Who knows.', '2018-01-02 10:50:00', '2018-01-03 10:50:00', '1'),
    ("a310638c-ba40-462f-bf32-db368fc5ff30", '5765c4dc-b226-431a-94a3-c02057b67471', 'Who knows.', '2018-01-02 10:50:00', '2018-01-03 10:50:00', '2'),
    ("fe5921e7-25de-4a28-b050-8bede69bc73e", '5765c4dc-b226-431a-94a3-c02057b67471', 'Who knows.', '2018-01-02 10:50:00', '2018-01-03 10:50:00', '3'),
    ("0d51e2dc-29c3-4041-b696-77e649c717e3", '5765c4dc-b226-431a-94a3-c02057b67471', 'Who knows.', '2018-01-02 10:50:00', '2018-01-03 10:50:00', '4'),

    ("7558566e-5ad8-4535-b354-5a410b6f34e6", '60586180-2ec4-415f-96f7-1b3415ba9f3c', 'Who knows.', '2018-01-02 10:50:00', '2018-01-03 10:50:00', '1'),
    ("e2ebe14a-edd9-4d70-b6f5-942929d87140", '60586180-2ec4-415f-96f7-1b3415ba9f3c', 'Who knows.', '2018-01-02 10:50:00', '2018-01-03 10:50:00', '2'),
    ("9aa63ae7-bc1a-425b-8d7b-4793eb334c65", '60586180-2ec4-415f-96f7-1b3415ba9f3c', 'Who knows.', '2018-01-02 10:50:00', '2018-01-03 10:50:00', '3'),
    ("4816d65f-2414-4f7b-a68c-457b6639570f", '60586180-2ec4-415f-96f7-1b3415ba9f3c', 'Who knows.', '2018-01-02 10:50:00', '2018-01-03 10:50:00', '4'),

    ("bd2698a0-2708-4594-8993-2930717fe8fb", '998d6fa8-70e9-486b-b23e-185e1a26fbba', 'Who knows.', '2018-01-02 10:50:00', '2018-01-03 10:50:00', '1'),
    ("9e926237-ff25-462e-ac05-722914d8e9cf", '998d6fa8-70e9-486b-b23e-185e1a26fbba', 'Who knows.', '2018-01-02 10:50:00', '2018-01-03 10:50:00', '2'),
    ("29c759a6-eb64-48ed-b0cb-749d3daf3906", '998d6fa8-70e9-486b-b23e-185e1a26fbba', 'Who knows.', '2018-01-02 10:50:00', '2018-01-03 10:50:00', '3'),
    ("294e6a9a-d267-4396-bf13-9e9da9a771c1", '998d6fa8-70e9-486b-b23e-185e1a26fbba', 'Who knows.', '2018-01-02 10:50:00', '2018-01-03 10:50:00', '4'),

    ("f88cdc9b-5271-43b4-8436-07dc5364fa71", '71892316-8fb2-4fd2-a7a3-06e4bbf5b9d8', 'Who knows.', '2018-01-02 10:50:00', '2018-01-03 10:50:00', '1'),
    ("a1f559c0-c954-4e15-b62e-c0c7db65bd4b", '71892316-8fb2-4fd2-a7a3-06e4bbf5b9d8', 'Who knows.', '2018-01-02 10:50:00', '2018-01-03 10:50:00', '2'),
    ("b97f620e-ede2-4f01-a41d-a862e47251ae", '71892316-8fb2-4fd2-a7a3-06e4bbf5b9d8', 'Who knows.', '2018-01-02 10:50:00', '2018-01-03 10:50:00', '3'),
    ("97b50215-69d0-4ed7-b094-fd0453de3a69", '71892316-8fb2-4fd2-a7a3-06e4bbf5b9d8', 'Who knows.', '2018-01-02 10:50:00', '2018-01-03 10:50:00', '4'),

    ("551cf2c5-8f30-4e98-8fb4-59ef3129563b", 'b839225b-d87b-45a2-a6f9-426de0cb8cf7', 'Who knows.', '2018-01-02 10:50:00', '2018-01-03 10:50:00', '1'),
    ("171abd31-fd2e-4410-ab37-db168d0f8a67", 'b839225b-d87b-45a2-a6f9-426de0cb8cf7', 'Who knows.', '2018-01-02 10:50:00', '2018-01-03 10:50:00', '2'),
    ("36009106-404e-4da7-8011-2a1a8f474cc2", 'b839225b-d87b-45a2-a6f9-426de0cb8cf7', 'Who knows.', '2018-01-02 10:50:00', '2018-01-03 10:50:00', '3'),
    ("3ac4248a-307b-460f-9ac1-4f11b3f70e96", 'b839225b-d87b-45a2-a6f9-426de0cb8cf7', 'Who knows.', '2018-01-02 10:50:00', '2018-01-03 10:50:00', '4');

INSERT INTO
    question_vote (option_id, question_id, created_at)
VALUES
    ("18a4851a-c3c1-4018-97eb-95fbbfaa474e", '5765c4dc-b226-431a-94a3-c02057b67471', '2018-02-03 10:50:00'),
    ("18a4851a-c3c1-4018-97eb-95fbbfaa474e", '5765c4dc-b226-431a-94a3-c02057b67471', '2018-02-03 10:50:00'),
    ("18a4851a-c3c1-4018-97eb-95fbbfaa474e", '5765c4dc-b226-431a-94a3-c02057b67471', '2018-02-03 10:50:00'),
    ("18a4851a-c3c1-4018-97eb-95fbbfaa474e", '5765c4dc-b226-431a-94a3-c02057b67471', '2018-02-03 10:50:00'),
    ("a310638c-ba40-462f-bf32-db368fc5ff30", '5765c4dc-b226-431a-94a3-c02057b67471', '2018-02-03 10:50:00'),
    ("a310638c-ba40-462f-bf32-db368fc5ff30", '5765c4dc-b226-431a-94a3-c02057b67471', '2018-02-03 10:50:00'),
    ("fe5921e7-25de-4a28-b050-8bede69bc73e", '5765c4dc-b226-431a-94a3-c02057b67471', '2018-02-03 10:50:00'),
    ("0d51e2dc-29c3-4041-b696-77e649c717e3", '5765c4dc-b226-431a-94a3-c02057b67471', '2018-02-03 10:50:00'),

    ("7558566e-5ad8-4535-b354-5a410b6f34e6", '998d6fa8-70e9-486b-b23e-185e1a26fbba', '2018-02-03 10:50:00'),
    ("e2ebe14a-edd9-4d70-b6f5-942929d87140", '998d6fa8-70e9-486b-b23e-185e1a26fbba', '2018-02-03 10:50:00'),
    ("9aa63ae7-bc1a-425b-8d7b-4793eb334c65", '998d6fa8-70e9-486b-b23e-185e1a26fbba', '2018-02-03 10:50:00'),
    ("4816d65f-2414-4f7b-a68c-457b6639570f", '998d6fa8-70e9-486b-b23e-185e1a26fbba', '2018-02-03 10:50:00'),

    ("bd2698a0-2708-4594-8993-2930717fe8fb", '998d6fa8-70e9-486b-b23e-185e1a26fbba', '2018-02-03 10:50:00'),
    ("9e926237-ff25-462e-ac05-722914d8e9cf", '998d6fa8-70e9-486b-b23e-185e1a26fbba', '2018-02-03 10:50:00'),
    ("29c759a6-eb64-48ed-b0cb-749d3daf3906", '998d6fa8-70e9-486b-b23e-185e1a26fbba', '2018-02-03 10:50:00'),
    ("294e6a9a-d267-4396-bf13-9e9da9a771c1", '998d6fa8-70e9-486b-b23e-185e1a26fbba', '2018-02-03 10:50:00'),

    ("f88cdc9b-5271-43b4-8436-07dc5364fa71", '71892316-8fb2-4fd2-a7a3-06e4bbf5b9d8', '2018-02-03 10:50:00'),
    ("a1f559c0-c954-4e15-b62e-c0c7db65bd4b", '71892316-8fb2-4fd2-a7a3-06e4bbf5b9d8', '2018-02-03 10:50:00'),
    ("b97f620e-ede2-4f01-a41d-a862e47251ae", '71892316-8fb2-4fd2-a7a3-06e4bbf5b9d8', '2018-02-03 10:50:00'),
    ("97b50215-69d0-4ed7-b094-fd0453de3a69", '71892316-8fb2-4fd2-a7a3-06e4bbf5b9d8', '2018-02-03 10:50:00'),

    ("551cf2c5-8f30-4e98-8fb4-59ef3129563b", 'b839225b-d87b-45a2-a6f9-426de0cb8cf7', '2018-02-03 10:50:00'),
    ("171abd31-fd2e-4410-ab37-db168d0f8a67", 'b839225b-d87b-45a2-a6f9-426de0cb8cf7', '2018-02-03 10:50:00'),
    ("36009106-404e-4da7-8011-2a1a8f474cc2", 'b839225b-d87b-45a2-a6f9-426de0cb8cf7', '2018-02-03 10:50:00'),
    ("3ac4248a-307b-460f-9ac1-4f11b3f70e96", 'b839225b-d87b-45a2-a6f9-426de0cb8cf7', '2018-02-03 10:50:00');
